sample_id,pop,lat,lon,q_BSwest,q_BSmideast,q_RS,locality
AME1,RS_pure,44.9,-68.3,1.00E-05,1.00E-05,0.99998,Aurora near Bangor
AME2,RS_pure,44.9,-68.3,1.00E-05,1.00E-05,0.99998,Aurora near Bangor
AMI1,BS_mideast,46.05,-84.78333333,0.01817,0.98182,1.00E-05,Allenville
ANB1,RS_introg,46,-66.2,1.00E-05,0.114811,0.885179,Albrights Corner
ANB2,RS_introg,46,-66.2,1.00E-05,0.16223,0.83776,Albrights Corner
ANL1,BS_introg,47.33333333,-53.11666667,1.00E-05,0.978255,0.021735,Audens Pond
AON1,BS_mideast,50.3,-89.18,0.006814,0.993176,1.00E-05,Armstrong
AQC1,BS_mideast,49.63333333,-63.36666667,1.00E-05,0.99998,1.00E-05,Anticosti Island
BMN1,BS_mideast,47.7,-92.47,0.04787,0.95212,1.00E-05,Big Rice Lake
BNB1,BS_introg,47.75,-65.11666667,1.00E-05,0.923598,0.076392,Bertrand
BQC1,BS_introg,48.93333333,-69.13333333,1.00E-05,0.989559,0.010431,Baie Laval
CAL1,BS_west,62.1,-145.7,0.999972,1.80E-05,1.00E-05,Copper River
CME1,BS_introg,45.5,-68.8,1.00E-05,0.976393,0.023597,Cedar Lake
CNB1,BS_introg,48.5,-67.11666667,1.00E-05,0.898654,0.101336,Lac Cassault
CON1,BS_mideast,50.83333333,-94.28333333,0.038566,0.961424,1.00E-05,Call Lake
CQC1,BS_mideast,49.6,-71.3,1.00E-05,0.99998,1.00E-05,Chute des Passes
CSK1,BS_mideast,53.53,-105.77,0.058646,0.941344,1.00E-05,Christopher Lake
CWI1,BS_mideast,46.11666667,-90.93333333,0.046186,0.953804,1.00E-05,Clam Lake
DMB1,BS_mideast,51.63,-100.78,1.00E-05,0.99998,1.00E-05,Duck Mountain
EMB1,BS_west,57.6,-96.7,0.601181,0.398809,1.00E-05,Elliot Lake
ENB1,BS_introg,45.58333333,-66.48333333,1.00E-05,0.978174,0.021816,Enniskillen
EQC1,BS_introg,46.93333333,-72.1,1.00E-05,0.969549,0.030441,Escale au Lac
FAL1,BS_west,64.7,-148.3,0.99998,1.00E-05,1.00E-05,Fairbanks
FMB1,BS_west,54.58333333,-101,0.564596,0.435394,1.00E-05,First Central Lake
FMB2,BS_west,54.58333333,-101,0.582345,0.417645,1.00E-05,First Central Lake
FNB1,RS_pure,45.4,-65.4,1.00E-05,1.00E-05,0.99998,Fundy National Park
FNB2,RS_introg,45.4,-65.4,1.00E-05,0.032177,0.967813,Fundy National Park
FNS1,BS_introg,45.93333333,-60.16666667,1.00E-05,0.980422,0.019568,French Road Cape Breton
FWI1,BS_introg,44.21666667,-90.36666667,1.00E-05,0.995288,0.004702,Fort McCoy
FWI2,BS_mideast,44.21666667,-90.36666667,0.045725,0.954265,1.00E-05,Fort McCoy
GAB1,BS_west,55,-115.3,0.99998,1.00E-05,1.00E-05,Grizzly Ridge Wildland
RNB1,BS_mideast,47.92,-67.82,1.00E-05,0.99998,1.00E-05,Grand Falls
GNB1,RS_introg,46,-66.3,1.00E-05,0.030178,0.969812,Grand Lake Meadow near Frederickton
GNB2,RS_introg,46,-66.3,1.00E-05,0.26095,0.73904,Grand Lake Meadow near Frederickton
GNL,BS_mideast,53.41666667,-60.38333333,1.00E-05,0.99998,1.00E-05,Gosling Lake
GNS1,RS_pure,45.2,-62.7,1.00E-05,1.00E-05,0.99998,Governors Lake
GNS2,RS_introg,45.2,-62.7,1.00E-05,0.047788,0.952202,Governors Lake
GON1,BS_mideast,48.8,-93.66666667,0.040707,0.959283,1.00E-05,Government Landing
GPE1,BS_introg,46.05,-62.85,1.00E-05,0.977563,0.022427,Garfield
HAB1,BS_west,52.5,-115.88,0.99998,1.00E-05,1.00E-05,Harlech
HWI1,BS_mideast,45.73333333,-88.98333333,1.00E-05,0.99998,1.00E-05,Hiles Millpond
IQC1,BS_mideast,50.66666667,-68.76666667,1.00E-05,0.99998,1.00E-05,Rene Levasseur Island
JNY1,RS_pure,44.4,-73.7,1.00E-05,1.00E-05,0.99998,North Jay
JNY2,RS_pure,44.4,-73.7,1.00E-05,1.00E-05,0.99998,North Jay
JNY3,RS_pure,44.4,-73.7,1.00E-05,1.00E-05,0.99998,North Jay
KBC1,BS_west,56.61666667,-121.4666667,0.99998,1.00E-05,1.00E-05,Kobes
KMB1,BS_mideast,55.5,-94.66666667,0.408385,0.591605,1.00E-05,Knee Lake
KMB2,BS_mideast,55.5,-94.66666667,0.455168,0.544822,1.00E-05,Knee Lake
LNB1,BS_introg,46.83333333,-67.16666667,1.00E-05,0.964823,0.035167,Longley
LNT1,BS_mideast,60,-112.8,0.049987,0.950003,1.00E-05,Little Buffalo River Falls Territorial Park
LNT2,BS_west,60,-112.8,0.99998,1.00E-05,1.00E-05,Little Buffalo River Falls Territorial Park
LON1,BS_mideast,49.35,-80.75,1.00E-05,0.99998,1.00E-05,Little Thorning Lake
DQC1,BS_mideast,47.08333333,-76.55,1.00E-05,0.99998,1.00E-05,Le Domain
LQC1,BS_mideast,47.86666667,-71.2,1.00E-05,0.99998,1.00E-05,Laurentides
LQC2,BS_mideast,47.86666667,-71.2,1.00E-05,0.99998,1.00E-05,Laurentides
MNS1,RS_introg,44.2,-65.9,1.00E-05,0.179779,0.820211,Moodys Corner
MNS2,RS_introg,44.2,-65.9,1.00E-05,0.349079,0.650911,Moodys Corner
MON1,BS_introg,45.16666667,-77.16666667,1.00E-05,0.977786,0.022204,Matawatchan State Park
MQC1,BS_mideast,49.61666667,-77.75,0.010736,0.989254,1.00E-05,Matagami
MWV1,RS_pure,38.6,-79.8,1.00E-05,1.00E-05,0.99998,Monongahela National Forest
MWV2,RS_pure,38.6,-79.8,1.00E-05,1.00E-05,0.99998,Monongahela National Forest
MYU1,BS_west,60.53333333,-134.45,0.99998,1.00E-05,1.00E-05,Marsh Lake Island
NON1,BS_mideast,49.75,-85.08333333,0.045861,0.954129,1.00E-05,Nagagamisis Provincial Park
OMA1,RS_pure,42.4,-73.2,1.00E-05,1.00E-05,0.99998,October Mountain Forest
OMA2,RS_pure,42.4,-73.2,1.00E-05,1.00E-05,0.99998,October Mountain Forest
PMB1,BS_west,51.8,-100.2,0.504287,0.495703,1.00E-05,Pulp River
PNB1,BS_introg,48.88333333,-64.65,1.00E-05,0.98253,0.01746,Mount Pesaq
PNH1,RS_pure,43.2,-72.1,1.00E-05,1.00E-05,0.99998,Pillsbury
PNH2,RS_pure,43.2,-72.1,1.00E-05,1.00E-05,0.99998,Pillsbury
PQC1,BS_mideast,49.03333333,-73.45,1.00E-05,0.99998,1.00E-05,Poisson Blanc
PSK1,BS_west,54.866667,-102.8,0.674419,0.325571,1.00E-05,Phaneuf Lake
RAB1,BS_west,52.36666667,-115.25,0.99998,1.00E-05,1.00E-05,Rocky Mountain House
RNL1,BS_introg,50.9,-56.1,1.00E-05,0.861775,0.138215,Roddickton
RON1,BS_mideast,46.92,-79.7,1.00E-05,0.99998,1.00E-05,Rabbit Lake South Landing
RPA1,RS_introg,40.7,-77.7,1.00E-05,0.118396,0.881594,Rothrock State Forest
RPA2,RS_introg,40.7,-77.7,1.00E-05,0.202141,0.797849,Rothrock State Forest
RPA3,RS_introg,40.7,-77.7,1.00E-05,0.211499,0.788491,Rothrock State Forest
RQC1,BS_mideast,50.45,-73.63333333,1.00E-05,0.99998,1.00E-05,Riviere Chalifour
RYU1,BS_west,60.17,-130.52,0.999972,1.80E-05,1.00E-05,Rancheria
RYU2,BS_west,60.17,-130.52,0.99998,1.00E-05,1.00E-05,Rancheria
SBC1,BS_west,58.7,-123.6,0.99998,1.00E-05,1.00E-05,Summit Lake
SMB1,BS_west,52.48333333,-101.4333333,0.555019,0.444971,1.00E-05,Scottys Lake
SNB1,BS_introg,47.7,-68.31666667,1.00E-05,0.963577,0.036413,Sweeney Settlement
SNC1,BS_mideast,44.633333,-84.333333,0.018121,0.981869,1.00E-05,Smokies
SNC2,RS_pure,35.6,-83.45,1.00E-05,1.00E-05,0.99998,Smokies
SNL1,BS_introg,48.21666667,-58.91666667,1.00E-05,0.983048,0.016942,Saint Davids
SON1,BS_mideast,50.25,-91.66666667,1.00E-05,0.99998,1.00E-05,Sioux Lookout
SON2,BS_mideast,50.25,-91.66666667,0.055199,0.944791,1.00E-05,Sioux Lookout
SQC1,RS_pure,46.9,-71.5,1.00E-05,1.00E-05,0.99998,Shannon near Quebec City
SQC2,RS_introg,46.9,-71.5,1.00E-05,0.050959,0.949031,Shannon near Quebec City
TON1,BS_mideast,48.53333333,-81.41666667,0.007844,0.992146,1.00E-05,Timmins
TQC1,BS_mideast,48.36666667,-76.95,1.00E-05,0.99998,1.00E-05,Tiblemont
TSK1,BS_west,56.05,-108.7,0.99998,1.00E-05,1.00E-05,Taylor Lake
TSK2,BS_west,56.05,-108.7,0.99998,1.00E-05,1.00E-05,Taylor Lake
TYU1,BS_west,64.56666667,-135.9166667,0.99998,1.00E-05,1.00E-05,Tombstone Territorial Park
UON1,BS_mideast,49,-90.45,1.00E-05,0.99998,1.00E-05,Upsala
UON2,BS_mideast,49,-90.45,0.007809,0.992181,1.00E-05,Upsala
VQC1,RS_introg,46.5,-75.3,1.00E-05,0.032073,0.967917,Val Barrette
WMB1,BS_mideast,49.28333333,-96.3,0.061769,0.938221,1.00E-05,Sandilands near Winnipeg
WMN1,BS_mideast,47.7,-91.3,1.00E-05,0.99998,1.00E-05,Wheeler Landing
WON1,BS_mideast,48.63333333,-85.33333333,1.00E-05,0.99998,1.00E-05,White River
WSK1,BS_west,54.7,-107.8,0.99998,1.00E-05,1.00E-05,Waterhen River
WYU1,BS_west,60.8,-135.18,0.99998,1.00E-05,1.00E-05,Whitehorse